<keymap version="1" name="macOS copy" parent="Mac OS X 10.5+">
  <action id="Git.Branches">
    <keyboard-shortcut first-keystroke="ctrl meta alt b" />
  </action>
  <action id="Git.CreateNewBranch">
    <keyboard-shortcut first-keystroke="ctrl meta n" />
  </action>
  <action id="ReplaceInPath" />
  <action id="Run">
    <keyboard-shortcut first-keystroke="ctrl r" />
    <keyboard-shortcut first-keystroke="shift meta r" />
  </action>
  <action id="SaveAs" />
  <action id="Stop">
    <keyboard-shortcut first-keystroke="ctrl s" />
    <keyboard-shortcut first-keystroke="shift meta s" />
  </action>
  <action id="UsageGrouping.FileStructure" />
  <action id="org.intellij.plugins.markdown.ui.actions.styling.ToggleStrikethroughAction" />
</keymap>