<application>
  <component name="CodeVisionSettings">
    <option name="codeVisionGroupToPosition">
      <map>
        <entry key="inheritors" value="Default" />
        <entry key="references" value="Default" />
        <entry key="vcs.code.vision" value="Default" />
      </map>
    </option>
  </component>
  <component name="DeclarativeInlayHintsSettings">
    <option name="disabledOptions">
      <set>
        <option value="ts.type.hints#non.paren.single.param" />
        <option value="ts.type.hints#parameters.in.parens" />
        <option value="ts.type.hints#variables.and.fields" />
      </set>
    </option>
    <option name="providerIdToEnabled">
      <map>
        <entry key="js.chain.hints" value="true" />
        <entry key="js.type.hints" value="true" />
        <entry key="qodana.yaml.inspection.descriptions" value="true" />
        <entry key="ts.chain.hints" value="true" />
        <entry key="ts.enum.hints" value="true" />
        <entry key="ts.type.hints" value="true" />
      </map>
    </option>
  </component>
  <component name="EditorSettings">
    <option name="languageBreadcrumbsMap">
      <map>
        <entry key="CSS" value="true" />
        <entry key="HTML" value="true" />
        <entry key="Haml" value="true" />
        <entry key="JSON" value="true" />
        <entry key="Jade" value="true" />
        <entry key="JavaScript" value="true" />
        <entry key="LESS" value="true" />
        <entry key="Markdown" value="false" />
        <entry key="SASS" value="true" />
        <entry key="SCSS" value="true" />
        <entry key="Stylus" value="true" />
        <entry key="TypeScript" value="true" />
        <entry key="XHTML" value="true" />
        <entry key="XML" value="true" />
        <entry key="yaml" value="true" />
      </map>
    </option>
    <option name="USE_SOFT_WRAPS" value="CONSOLE" />
    <option name="CARET_BLINKING_PERIOD" value="1000" />
    <option name="LINE_NUMERATION" value="HYBRID" />
    <option name="IS_FOLDING_ENDINGS_SHOWN" value="true" />
    <option name="SHOW_BREADCRUMBS_ABOVE" value="true" />
    <option name="SHOW_BREADCRUMBS" value="false" />
    <option name="IS_WHITESPACES_SHOWN" value="true" />
    <option name="IS_WHEEL_FONTCHANGE_ENABLED" value="true" />
  </component>
  <component name="InlayHintsSettings">
    <option name="lastViewedProviderKeyId" value="JavaScript.parameter.hints.old.js.only.show.names.for.pipes" />
  </component>
  <component name="JSEditorOptions">
    <option name="START_STRING_INTERPOLATION_ON_TYPING" value="true" />
  </component>
  <component name="TodoConfiguration">
    <pattern pattern="\btodo\b.*" />
    <pattern pattern="\bfixme\b.*" />
  </component>
  <component name="XmlEditorOptions">
    <option name="showCssInlineColorPreview" value="true" />
  </component>
</application>