<application>
  <component name="LafManager" autodetect="false">
    <laf class-name="com.intellij.ide.ui.laf.darcula.DarculaLaf" themeId="ee2824b3-c1d9-44fa-8b64-de6fe5dd8e37" />
    <lafs-to-previous-schemes>
      <laf-to-scheme laf="Darcula" scheme="_@user_Darcula" />
      <laf-to-scheme laf="Dracula" scheme="_@user_Dracula" />
      <laf-to-scheme laf="Gradianto Deep Ocean" scheme="_@user_Gradianto Deep Ocean" />
      <laf-to-scheme laf="Gradianto Midnight Blue" scheme="_@user_Gradianto Midnight Blue" />
      <laf-to-scheme laf="Gradianto Nature Green" scheme="_@user_Gradianto Nature Green" />
      <laf-to-scheme laf="High contrast" scheme="_@user_High contrast" />
      <laf-to-scheme laf="IntelliJ Light" scheme="_@user_IntelliJ Light" />
      <laf-to-scheme laf="Light" scheme="_@user_Light" />
      <laf-to-scheme laf="Light with Light Header" scheme="_@user_Light" />
      <laf-to-scheme laf="Nord" scheme="_@user_Nord" />
      <laf-to-scheme laf="One Dark" scheme="_@user_One Dark" />
      <laf-to-scheme laf="One Dark Italic" scheme="_@user_One Dark Italic" />
      <laf-to-scheme laf="One Dark Vivid" scheme="_@user_One Dark Vivid" />
      <laf-to-scheme laf="One Dark Vivid Italic" scheme="_@user_One Dark Vivid Italic" />
      <laf-to-scheme laf="Trash Panda Theme" scheme="_@user_Trash Panda Theme" />
      <laf-to-scheme laf="Trash Panda Theme (High Contrast)" scheme="_@user_Trash Panda Theme (High Contrast)" />
      <laf-to-scheme laf="Trash Panda Theme (Light)" scheme="_@user_Trash Panda Theme (Light)" />
      <laf-to-scheme laf="Xcode Dark" scheme="_@user_Xcode Dark" />
      <laf-to-scheme laf="[NEWUI] Gradianto Dark Fuchsia" scheme="_@user_Gradianto Dark Fuchsia" />
      <laf-to-scheme laf="[NEWUI] Gradianto Deep Ocean" scheme="_@user_Gradianto Deep Ocean New" />
      <laf-to-scheme laf="[NEWUI] Gradianto Midnight Blue" scheme="_@user_Gradianto Midnight Blue New" />
      <laf-to-scheme laf="[NEWUI] Gradianto Nature Green" scheme="_@user_Gradianto Nature Green New" />
    </lafs-to-previous-schemes>
  </component>
</application>