<application>
  <component name="NodeJsLocalInterpreterManager">
    <local-interpreter path="/usr/local/bin/node">
      <version-cache version="20.8.0" last-modified="1697020403804" />
    </local-interpreter>
    <local-interpreter path="$USER_HOME$/.nvm/versions/node/v21.0.0/bin/node">
      <version-cache version="21.0.0" last-modified="1697528179000" />
    </local-interpreter>
    <local-interpreter path="/usr/local/Cellar/node/20.8.0/bin/node">
      <version-cache version="20.8.0" last-modified="1697020403804" />
    </local-interpreter>
    <local-interpreter path="$USER_HOME$/.nvm/versions/node/v20.2.0/bin/node">
      <version-cache version="20.2.0" last-modified="1684220340000" />
    </local-interpreter>
    <local-interpreter path="/usr/local/Cellar/node/19.7.0/bin/node">
      <version-cache last-modified="0" />
    </local-interpreter>
    <local-interpreter path="$USER_HOME$/.nvm/versions/node/v19.6.0/bin/node">
      <version-cache version="19.6.0" last-modified="1675282878000" />
    </local-interpreter>
    <local-interpreter path="/usr/local/Cellar/node/19.5.0/bin/node">
      <version-cache last-modified="0" />
    </local-interpreter>
    <local-interpreter path="/usr/local/Cellar/node/18.9.1/bin/node">
      <version-cache last-modified="0" />
    </local-interpreter>
    <local-interpreter path="$USER_HOME$/.nvm/versions/node/v18.9.0/bin/node">
      <version-cache version="18.9.0" last-modified="1662591611000" />
    </local-interpreter>
    <local-interpreter path="$USER_HOME$/.nvm/versions/node/v18.0.0/bin/node">
      <version-cache version="18.0.0" last-modified="1650324175000" />
    </local-interpreter>
    <local-interpreter path="$USER_HOME$/.nvm/versions/node/v17.9.0/bin/node">
      <version-cache version="17.9.0" last-modified="1649361761000" />
    </local-interpreter>
    <local-interpreter path="$USER_HOME$/.nvm/versions/node/v16.16.0/bin/node">
      <version-cache version="16.16.0" last-modified="1657200991000" />
    </local-interpreter>
  </component>
</application>