<application>
  <component name="NodeJsLocalInterpreterManager">
    <local-interpreter path="/usr/local/bin/node" />
    <local-interpreter path="/usr/local/Cellar/node/18.9.1/bin/node" />
    <local-interpreter path="$USER_HOME$/.nvm/versions/node/v18.9.0/bin/node" />
    <local-interpreter path="$USER_HOME$/.nvm/versions/node/v18.0.0/bin/node">
      <version-cache version="18.0.0" last-modified="1650324175000" />
    </local-interpreter>
    <local-interpreter path="$USER_HOME$/.nvm/versions/node/v17.9.0/bin/node" />
    <local-interpreter path="$USER_HOME$/.nvm/versions/node/v16.16.0/bin/node" />
  </component>
</application>